index,split,gain
app_001_EXT_SOURCE_2,4622,166623.2129330635
app_001_EXT_SOURCE_3,4667,164963.34388017654
app_001_EXT_SOURCE_1,4820,79211.75158119202
app_001_ORGANIZATION_TYPE,4373,58238.812188625336
app_001_DAYS_EMPLOYED,3085,45415.70433807373
bure_501_DAYS_CREDIT_cls_max,3562,38818.430547237396
bure_501_DAYS_CREDIT_max,3149,36710.90656089783
bure_501_DAYS_CREDIT_act_max,3275,36082.6556186676
app_001_AMT_CREDIT-dby-AMT_ANNUITY,2556,34573.71034193039
prev_101_remain_debt_per_year,3044,32902.56870508194
app_001_AMT_GOODS_PRICE-dby-AMT_ANNUITY,2488,31764.39189529419
bure_501_DAYS_CREDIT_cls_min,2886,31310.868629932404
app_001_DAYS_LAST_PHONE_CHANGE-m-DAYS_EMPLOYED,2770,30345.66667032242
prev_102_DAYS_DECISION_app_max,2833,29799.656234264374
prev_101_remain_debt_min,2812,29087.848044872284
app_001_DAYS_ID_PUBLISH,2698,28780.561309814453
prev_101_remain_year_mean,2669,28572.60674715042
app_001_DAYS_ID_PUBLISH-m-DAYS_EMPLOYED,2705,28511.563232898712
bure_501_DAYS_CREDIT_act_min,2729,28429.590356349945
bure_501_AMT_CREDIT_SUM_DEBT_sum,2528,28384.56561088562
bure_501_AMT_CREDIT_SUM_DEBT_sum-p-app_AMT_CREDIT-dby-AMT_INCOME_TOTAL,2637,28320.45694065094
prev_101_DAYS_DECISION_max,2689,27761.204397201538
bure_501_DAYS_CREDIT_min,2502,27294.9139418602
app_001_DAYS_LAST_PHONE_CHANGE,2476,26861.067889213562
prev_101_remain_year_min,2566,26545.480773448944
app_001_AMT_GOODS_PRICE-dby-AMT_CREDIT,1847,26113.68387079239
app_001_DAYS_REGISTRATION-m-DAYS_EMPLOYED,2504,25883.837715148926
prev_101_DAYS_DECISION_min,2334,25219.84617137909
app_001_DAYS_EMPLOYED-m-DAYS_BIRTH,2326,24871.630254745483
app_001_REGION_POPULATION_RELATIVE,2325,24222.62769794464
bure_501_AMT_CREDIT_SUM_DEBT_sum-p-app_AMT_CREDIT,2251,23825.59103536606
prev_102_DAYS_DECISION_app_min,2202,23390.99178123474
app_001_OCCUPATION_TYPE,1465,23068.49157142639
app_001_DAYS_REGISTRATION,2186,22726.2076086998
oth_701_total_debt-app-prev-bure,2122,22391.299968242645
app_001_OWN_CAR_AGE,1903,22387.284294128418
app_001_DAYS_ID_PUBLISH-m-DAYS_REGISTRATION,2157,22309.748153686523
app_001_DAYS_LAST_PHONE_CHANGE-m-DAYS_ID_PUBLISH,2150,22198.73572397232
prev_101_remain_year_max-p-DAYS_BIRTH,2076,22140.356386184692
app_001_DAYS_LAST_PHONE_CHANGE-m-DAYS_REGISTRATION,2149,22138.50529193878
app_001_DAYS_ID_PUBLISH-m-DAYS_BIRTH,2037,22053.187267303467
bure_501_DAYS_CREDIT_cls_max-m-DAYS_BIRTH,1933,21983.01749229431
prev_101_remain_year_max,2057,21944.538486480713
app_001_DAYS_REGISTRATION-m-DAYS_BIRTH,2084,21941.969210624695
app_001_AMT_CREDIT-dby-AMT_ANNUITY-p-age,1809,21563.01855659485
app_001_AMT_GOODS_PRICE-m-AMT_CREDIT,1832,21488.26725625992
app_001_AMT_GOODS_PRICE-m-AMT_CREDIT-dby-AMT_INCOME_TOTAL,1902,21472.359763145447
prev_101_remain_debt_sum,1900,21314.146095752716
app_001_AMT_ANNUITY,1968,21109.834996700287
prev_101_remain_year_sum,1939,20819.300852298737
prev_103_NAME_CONTRACT_STATUS-Approved,1925,20706.131796836853
prev_103_NAME_CONTRACT_TYPE-Consumer_loans,1918,20460.570769786835
prev_101_remain_debt_max,1918,20449.302688598633
prev_101_remain_debt_mean,1914,20042.134926319122
prev_103_CODE_REJECT_REASON-XAP,1766,20032.208091259003
prev_102_DAYS_DECISION_ref_max,1665,19928.6571893692
app_001_AMT_ANNUITY-dby-AMT_INCOME_TOTAL,1906,19825.73569917679
bure_501_DAYS_CREDIT_cls_min-m-DAYS_BIRTH,1756,18785.198959350586
prev_101_remain_year_min-p-DAYS_BIRTH,1798,18570.742663383484
bure_501_DAYS_CREDIT_act_min-m-DAYS_BIRTH,1625,17159.388032913208
app_001_AMT_GOODS_PRICE-dby-AMT_INCOME_TOTAL,1539,16147.385463237762
bure_501_DAYS_CREDIT_act_max-m-DAYS_BIRTH,1500,15811.076335906982
bure_501_cnt_active,1295,15806.747382640839
app_001_AMT_GOODS_PRICE,1376,15683.41654920578
prev_102_DAYS_DECISION_ref_min,1509,15642.82445192337
prev_101_AMT_ANNUITY_rem-p-app_11y-dby-AMT_INCOME_TOTAL,1346,15346.138391971588
bure_501_DAYS_CREDIT_min-m-DAYS_BIRTH,1439,15060.96176147461
app_001_AMT_CREDIT-dby-AMT_INCOME_TOTAL,1406,14919.620646476746
prev_101_AMT_ANNUITY_rem-p-app_1y-dby-AMT_INCOME_TOTAL,1365,14746.20459318161
prev_101_AMT_ANNUITY_rem-p-app_1y,1332,14521.365617275238
prev_101_AMT_ANNUITY_rem-p-app_11y,1263,14390.171571731567
app_001_AMT_CREDIT,1333,14267.680061340332
prev_101_debt_sum_rem-p-app,1317,14118.791855812073
prev_101_DAYS_DECISION_max-m-DAYS_BIRTH,1232,14098.935134410858
prev_101_AMT_ANNUITY_rem-p-app_12y-dby-AMT_INCOME_TOTAL,1258,13973.946594238281
prev_101_DAYS_DECISION_min-m-DAYS_BIRTH,1317,13959.895639896393
bure_501_DAYS_CREDIT_max-m-DAYS_BIRTH,1282,13828.568564414978
cre_401_AMT_BALANCE-by-AMT_CREDIT_LIMIT_ACTUAL_t-2,751,13615.731313228607
prev_102_DAYS_DECISION_app_max-m-DAYS_BIRTH,1180,13609.333374023438
prev_101_AMT_ANNUITY_rem-p-app_12y,1165,13476.07793045044
app_001_DAYS_LAST_PHONE_CHANGE-m-DAYS_BIRTH,1266,13450.856912612915
app_001_AMT_ANNUITY-by-CNT_CHILDREN,1335,13291.001846790314
prev_103_NAME_CONTRACT_STATUS-Refused,1054,12799.359945297241
app_001_TOTALAREA_MODE,1196,12782.267941951752
app_001_AMT_INCOME_TOTAL,1233,12540.547986507416
prev_101_AMT_ANNUITY_rem-p-app_2y-dby-AMT_INCOME_TOTAL,1149,12347.233117580414
prev_102_DAYS_DECISION_ref_max-m-DAYS_BIRTH,1145,12327.17348241806
bure_501_cnt_closed,1124,12205.893776893616
prev_102_DAYS_DECISION_ref_min-m-DAYS_BIRTH,1118,12125.677388191223
app_001_HOUR_APPR_PROCESS_START,1196,12059.637793540955
prev_101_AMT_ANNUITY_rem-p-app_10y-dby-AMT_INCOME_TOTAL,1105,11820.58132648468
app_001_CODE_GENDER,622,11557.321224689484
prev_101_AMT_ANNUITY_rem-p-app_10y,1054,11399.400946617126
app_001_LIVINGAREA_AVG,1065,11369.701735973358
prev_103_NAME_CONTRACT_TYPE-Cash_loans,1077,11262.787779808044
prev_101_AMT_ANNUITY_rem-p-app_9y-dby-AMT_INCOME_TOTAL,1085,11215.520859241486
prev_101_AMT_ANNUITY_rem-p-app_3y-dby-AMT_INCOME_TOTAL,1055,11099.04986667633
bure_501_cnt_total,1057,11063.955168247223
prev_101_AMT_ANNUITY_rem-p-app_2y,1024,10996.995020389557
prev_101_AMT_ANNUITY_rem-p-app_13y-dby-AMT_INCOME_TOTAL,1037,10939.998775482178
prev_101_AMT_ANNUITY_rem-p-app_20y,998,10899.397748947144
app_001_LANDAREA_AVG,1068,10849.337250232697
app_001_YEARS_BEGINEXPLUATATION_AVG,1052,10811.561575889587
prev_101_AMT_ANNUITY_rem-p-app_4y-dby-AMT_INCOME_TOTAL,994,10616.445233345032
app_001_AMT_CREDIT-by-CNT_CHILDREN,1031,10418.462706565857
prev_102_DAYS_DECISION_app_min-m-DAYS_BIRTH,992,10413.81153011322
prev_101_AMT_ANNUITY_rem-p-app_9y,1000,10411.588932037354
prev_101_AMT_ANNUITY_rem-p-app_8y-dby-AMT_INCOME_TOTAL,991,10388.243511676788
prev_101_AMT_ANNUITY_rem-p-app_7y-dby-AMT_INCOME_TOTAL,977,10338.32186460495
app_001_NAME_EDUCATION_TYPE,282,10291.83028793335
prev_101_AMT_ANNUITY_rem-p-app_14y-dby-AMT_INCOME_TOTAL,969,10216.612302303314
prev_101_AMT_ANNUITY_rem-p-app_4y,960,10207.617279529572
prev_101_AMT_ANNUITY_rem-p-app_19y-dby-AMT_INCOME_TOTAL,956,10184.821193695068
app_001_APARTMENTS_AVG,961,10174.539628505707
prev_101_AMT_ANNUITY_rem-p-app_20y-dby-AMT_INCOME_TOTAL,952,10055.73917388916
prev_101_AMT_ANNUITY_rem-p-app_3y,950,10040.00916671753
prev_101_AMT_ANNUITY_rem-p-app_18y-dby-AMT_INCOME_TOTAL,908,10010.229699611664
prev_101_AMT_ANNUITY_rem-p-app_5y,928,9748.642443180084
prev_101_AMT_ANNUITY_rem-p-app_15y-dby-AMT_INCOME_TOTAL,907,9742.710511684418
app_001_DAYS_BIRTH,848,9657.31501197815
app_001_BASEMENTAREA_AVG,914,9510.171206951141
prev_101_AMT_ANNUITY_rem-p-app_16y-dby-AMT_INCOME_TOTAL,897,9494.28460931778
prev_101_AMT_ANNUITY_rem-p-app_13y,878,9444.84435749054
prev_101_AMT_ANNUITY_rem-p-app_19y,877,9424.56381559372
app_001_AMT_INCOME_TOTAL-by-CNT_CHILDREN,933,9393.589676856995
prev_101_AMT_ANNUITY_rem-p-app_8y,898,9382.310586929321
prev_101_AMT_ANNUITY_rem-p-app_15y,860,9215.209568977356
prev_101_AMT_ANNUITY_rem-p-app_14y,852,9182.568454742432
prev_101_AMT_ANNUITY_rem-p-app_7y,865,9153.395097255707
prev_101_AMT_ANNUITY_rem-p-app_5y-dby-AMT_INCOME_TOTAL,860,9142.444722652435
app_001_BASEMENTAREA_MODE,883,9112.128900051117
prev_101_AMT_ANNUITY_rem-p-app_6y-dby-AMT_INCOME_TOTAL,877,9098.583600521088
app_001_LIVINGAREA_MODE,858,9094.981981277466
prev_101_AMT_ANNUITY_rem-p-app_18y,870,9081.489671707153
app_001_AMT_GOODS_PRICE-by-CNT_CHILDREN,872,8799.819323539734
app_001_APARTMENTS_MODE,832,8668.517623901367
prev_101_AMT_ANNUITY_rem-p-app_21y-dby-AMT_INCOME_TOTAL,785,8649.144000530243
prev_101_AMT_ANNUITY_rem-p-app_6y,823,8612.72803735733
app_001_LIVINGAREA_MEDI,798,8430.464606285095
app_001_NONLIVINGAREA_AVG,803,8424.444517612457
cre_401_AMT_BALANCE-by-AMT_CREDIT_LIMIT_ACTUAL_t-3,587,8364.612003326416
prev_103_NAME_CONTRACT_STATUS-Canceled,825,8348.458420276642
prev_101_AMT_ANNUITY_rem-p-app_17y-dby-AMT_INCOME_TOTAL,794,8308.360301494598
app_001_LANDAREA_MEDI,804,8295.500251293182
app_001_age,698,8133.184668540955
app_001_LANDAREA_MODE,781,8069.0231647491455
prev_101_AMT_ANNUITY_rem-p-app_17y,758,7929.690649986267
app_001_OBS_30_CNT_SOCIAL_CIRCLE,760,7795.10590171814
app_001_YEARS_BEGINEXPLUATATION_MEDI,748,7759.892359256744
app_001_YEARS_BEGINEXPLUATATION_MODE,757,7747.186938762665
cre_401_AMT_BALANCE-by-AMT_CREDIT_LIMIT_ACTUAL_t-1,611,7518.38697385788
prev_101_AMT_ANNUITY_rem-p-app_16y,703,7491.8508286476135
app_001_COMMONAREA_AVG,718,7437.743498325348
prev_102_cnt_refused,655,7270.567982673645
prev_101_AMT_ANNUITY_rem-p-app_21y,685,7218.074095726013
prev_103_CODE_REJECT_REASON-HC,676,7052.213621139526
app_001_BASEMENTAREA_MEDI,686,7047.830595970154
app_001_NONLIVINGAREA_MODE,676,7009.8843693733215
app_001_APARTMENTS_MEDI,654,6902.352711200714
app_001_YEARS_BUILD_AVG,669,6849.554472923279
app_001_COMMONAREA_MODE,648,6703.564233779907
app_001_LIVINGAPARTMENTS_AVG,649,6697.5741720199585
prev_103_NAME_CONTRACT_TYPE-Revolving_loans,653,6618.649384021759
app_001_ENTRANCES_AVG,620,6483.683305263519
prev_101_AMT_ANNUITY_rem-p-app_22y,589,6359.40585231781
prev_101_AMT_ANNUITY_rem-p-app_23y-dby-AMT_INCOME_TOTAL,554,6340.409663677216
prev_101_AMT_ANNUITY_rem-p-app_22y-dby-AMT_INCOME_TOTAL,581,6254.281532764435
prev_102_cnt_approved,542,6150.591440677643
app_001_NONLIVINGAREA_MEDI,618,6149.16886806488
app_001_REGION_RATING_CLIENT_W_CITY,429,6138.706304550171
app_001_AMT_REQ_CREDIT_BUREAU_YEAR,590,6137.5977149009705
prev_101_elapsed_year_max,606,5991.950411319733
prev_101_elapsed_year_min,583,5851.7629408836365
app_001_DEF_30_CNT_SOCIAL_CIRCLE,470,5695.290757656097
cre_401_AMT_BALANCE-by-AMT_CREDIT_LIMIT_ACTUAL_t-4,426,5602.596743106842
app_001_LIVINGAPARTMENTS_MODE,553,5590.720687866211
app_001_OBS_60_CNT_SOCIAL_CIRCLE,549,5485.892940998077
prev_101_AMT_ANNUITY_rem-p-app_23y,479,5234.060954093933
app_001_COMMONAREA_MEDI,516,5196.159622192383
app_001_YEARS_BUILD_MODE,485,4952.001383781433
app_001_LIVINGAPARTMENTS_MEDI,470,4848.879656791687
app_001_YEARS_BUILD_MEDI,469,4845.381721019745
prev_103_CODE_REJECT_REASON-LIMIT,462,4810.206248283386
prev_101_elapsed_year_mean,475,4806.846615791321
cre_401_AMT_BALANCE_pctchng-1_t-2,394,4543.7907700538635
prev_101_AMT_ANNUITY_rem-p-app_28y,393,4493.324938774109
prev_101_AMT_ANNUITY_rem-p-app_26y,412,4463.632311820984
app_001_FLOORSMAX_AVG,409,4432.300558567047
prev_101_AMT_ANNUITY_rem-p-app_24y-dby-AMT_INCOME_TOTAL,409,4426.783643722534
prev_101_AMT_ANNUITY_rem-p-app_26y-dby-AMT_INCOME_TOTAL,405,4379.831232070923
app_001_FLAG_WORK_PHONE,370,4338.973121166229
prev_101_active_cnt,387,4287.970796585083
prev_101_AMT_ANNUITY_rem-p-app_24y,389,4282.395173549652
cre_401_AMT_BALANCE-by-AMT_CREDIT_LIMIT_ACTUAL_t-5,364,4275.047000408173
prev_103_CODE_REJECT_REASON-SCOFR,350,4230.77187204361
app_001_DEF_60_CNT_SOCIAL_CIRCLE,358,4151.515592098236
prev_101_AMT_ANNUITY_rem-p-app_25y-dby-AMT_INCOME_TOTAL,375,4122.862432003021
cre_401_AMT_BALANCE-by-AMT_CREDIT_LIMIT_ACTUAL_t-6,362,4028.0233755111694
prev_101_AMT_ANNUITY_rem-p-app_27y,375,3942.9162731170654
app_001_NAME_FAMILY_STATUS,285,3887.3088607788086
prev_101_AMT_ANNUITY_rem-p-app_27y-dby-AMT_INCOME_TOTAL,345,3886.094958305359
prev_101_AMT_ANNUITY_rem-p-app_25y,371,3859.0383806228638
app_001_REGION_RATING_CLIENT,312,3799.60023021698
app_001_FLAG_DOCUMENT_3,283,3689.1730937957764
app_001_ENTRANCES_MEDI,348,3530.576313972473
cre_401_AMT_BALANCE_pctchng-1_t-5,336,3424.694571018219
app_001_ENTRANCES_MODE,332,3392.057602405548
cre_401_AMT_BALANCE-by-AMT_CREDIT_LIMIT_ACTUAL_t-7,316,3314.760226249695
app_001_WEEKDAY_APPR_PROCESS_START,352,3294.2935733795166
app_001_ELEVATORS_AVG,314,3293.3124351501465
app_001_FLOORSMIN_AVG,331,3289.682520866394
cre_401_AMT_PAYMENT_CURRENT_t-1,312,3247.1503405570984
prev_101_AMT_ANNUITY_rem-p-app_28y-dby-AMT_INCOME_TOTAL,308,3203.009302139282
cre_401_CNT_INSTALMENT_MATURE_CUM_t-1,312,3131.715313911438
prev_101_AMT_ANNUITY_rem-p-app_31y-dby-AMT_INCOME_TOTAL,306,3101.287775993347
cre_401_AMT_BALANCE_pctchng-1_t-1,307,3077.296263217926
cre_401_AMT_BALANCE_pctchng-1_t-4,280,3055.3452348709106
prev_101_AMT_ANNUITY_rem-p-app_29y,288,3042.8954586982727
prev_101_AMT_ANNUITY_rem-p-app_29y-dby-AMT_INCOME_TOTAL,286,3032.2542695999146
cre_401_AMT_BALANCE_pctchng-1_t-3,287,2974.8372116088867
app_001_NONLIVINGAPARTMENTS_AVG,282,2973.6536812782288
prev_101_AMT_ANNUITY_rem-p-app_31y,272,2907.3051171302795
app_001_AMT_REQ_CREDIT_BUREAU_QRT,270,2863.672387599945
cre_401_AMT_PAYMENT_CURRENT_t-5,271,2819.1839990615845
cre_401_CNT_INSTALMENT_MATURE_CUM_t-2,268,2780.9822883605957
app_001_FLAG_OWN_CAR,208,2759.517847061157
app_001_REG_CITY_NOT_LIVE_CITY,239,2724.004343032837
cre_401_AMT_BALANCE-by-AMT_CREDIT_LIMIT_ACTUAL_t-9,263,2719.258451461792
prev_101_AMT_ANNUITY_rem-p-app_30y,248,2647.4832186698914
cre_401_AMT_PAYMENT_CURRENT_t-2,263,2644.1581807136536
cre_401_AMT_PAYMENT_CURRENT_t-12,254,2642.934434890747
cre_401_AMT_PAYMENT_CURRENT_t-4,259,2642.2517652511597
cre_401_AMT_PAYMENT_CURRENT_t-3,258,2641.4259147644043
cre_401_AMT_DRAWINGS_ATM_CURRENT_t-1,241,2627.461081981659
cre_401_AMT_BALANCE_pctchng-1_t-6,260,2616.5043811798096
cre_401_AMT_BALANCE-by-AMT_CREDIT_LIMIT_ACTUAL_t-8,248,2579.911193370819
prev_101_AMT_ANNUITY_rem-p-app_35y-dby-AMT_INCOME_TOTAL,242,2575.4482707977295
prev_101_AMT_ANNUITY_rem-p-app_32y-dby-AMT_INCOME_TOTAL,241,2535.759045124054
cre_401_AMT_PAYMENT_CURRENT_t-9,243,2433.1340794563293
prev_101_AMT_ANNUITY_rem-p-app_35y,225,2412.9523100852966
app_001_CNT_FAM_MEMBERS,236,2402.2769389152527
cre_401_AMT_BALANCE-by-AMT_CREDIT_LIMIT_ACTUAL_t-10,235,2400.456376552582
app_001_FLOORSMAX_MEDI,218,2377.3436965942383
cre_401_AMT_PAYMENT_CURRENT_t-6,232,2348.8111906051636
cre_401_AMT_BALANCE_pctchng-1_t-7,238,2346.5350918769836
cre_401_AMT_PAYMENT_CURRENT_t-8,231,2339.5620708465576
prev_103_CODE_REJECT_REASON-SCO,232,2301.9815225601196
cre_401_AMT_PAYMENT_CURRENT_t-7,229,2301.1645798683167
cre_401_AMT_BALANCE-by-AMT_CREDIT_LIMIT_ACTUAL_t-12,219,2288.429798603058
cre_401_AMT_DRAWINGS_ATM_CURRENT-by-CNT_DRAWINGS_ATM_CURRENT_t-1,206,2261.8210797309875
cre_401_AMT_DRAWINGS_CURRENT-by-CNT_DRAWINGS_CURRENT_t-6,217,2255.1598558425903
cre_401_AMT_PAYMENT_CURRENT_t-10,221,2239.797712802887
prev_101_AMT_ANNUITY_rem-p-app_30y-dby-AMT_INCOME_TOTAL,208,2208.4646468162537
prev_101_AMT_ANNUITY_rem-p-app_34y-dby-AMT_INCOME_TOTAL,218,2174.123996257782
cre_401_CNT_INSTALMENT_MATURE_CUM_t-3,206,2169.359938621521
cre_401_AMT_BALANCE-by-AMT_CREDIT_LIMIT_ACTUAL_t-11,212,2164.1392636299133
cre_401_AMT_PAYMENT_CURRENT_t-11,208,2142.4734201431274
cre_401_AMT_DRAWINGS_POS_CURRENT-by-CNT_DRAWINGS_POS_CURRENT_t-6,213,2129.854920387268
app_001_cnt_adults,190,2072.404326915741
cre_401_AMT_BALANCE_pctchng-1_t-8,204,2008.9610085487366
cre_401_AMT_PAYMENT_TOTAL_CURRENT_t-5,193,1999.0594663619995
prev_103_CODE_REJECT_REASON-CLIENT,202,1990.5846676826477
cre_401_AMT_DRAWINGS_CURRENT-by-CNT_DRAWINGS_CURRENT_t-5,200,1984.8910164833069
cre_401_AMT_PAYMENT_TOTAL_CURRENT_t-6,192,1940.6394996643066
cre_401_CNT_INSTALMENT_MATURE_CUM_t-11,188,1916.9579434394836
app_001_NONLIVINGAPARTMENTS_MODE,190,1910.7366676330566
cre_401_AMT_DRAWINGS_CURRENT_pctchng-1_t-3,189,1902.0149784088135
app_001_FLOORSMIN_MEDI,186,1888.2678880691528
cre_401_AMT_BALANCE_t-1,171,1887.5023012161255
cre_401_AMT_DRAWINGS_CURRENT_pctchng-1_t-2,182,1883.8368282318115
cre_401_AMT_DRAWINGS_ATM_CURRENT-by-CNT_DRAWINGS_ATM_CURRENT_t-7,175,1879.3573122024536
cre_401_AMT_DRAWINGS_POS_CURRENT-by-CNT_DRAWINGS_POS_CURRENT_t-3,181,1877.3727674484253
cre_401_AMT_DRAWINGS_POS_CURRENT-by-CNT_DRAWINGS_POS_CURRENT_t-2,187,1876.2541303634644
app_001_AMT_REQ_CREDIT_BUREAU_MON,186,1875.36429977417
prev_101_AMT_ANNUITY_rem-p-app_33y,175,1844.5615773200989
cre_401_AMT_CREDIT_LIMIT_ACTUAL_t-1,179,1842.9059410095215
cre_401_AMT_BALANCE_pctchng-1_t-10,189,1840.9419779777527
cre_401_CNT_INSTALMENT_MATURE_CUM_t-12,181,1839.5741348266602
prev_101_AMT_ANNUITY_rem-p-app_32y,175,1831.6250896453857
cre_401_AMT_CREDIT_LIMIT_ACTUAL_t-3,177,1825.0842413902283
cre_401_AMT_DRAWINGS_CURRENT_t-2,175,1816.7669477462769
cre_401_AMT_DRAWINGS_CURRENT-by-CNT_DRAWINGS_CURRENT_t-3,177,1811.851803302765
cre_401_AMT_DRAWINGS_CURRENT-by-CNT_DRAWINGS_CURRENT_t-1,178,1808.6001887321472
cre_401_AMT_PAYMENT_TOTAL_CURRENT_t-4,170,1787.182771205902
cre_401_AMT_PAYMENT_TOTAL_CURRENT_t-2,169,1786.4954009056091
cre_401_AMT_BALANCE_pctchng-1_t-9,180,1770.3576927185059
cre_401_AMT_DRAWINGS_CURRENT-by-CNT_DRAWINGS_CURRENT_t-4,178,1768.691475391388
app_001_FLOORSMIN_MODE,175,1756.6668515205383
app_001_FLOORSMAX_MODE,171,1754.8810896873474
cre_401_AMT_CREDIT_LIMIT_ACTUAL_t-2,176,1746.6662578582764
cre_401_AMT_BALANCE_pctchng-1_t-11,173,1723.7947854995728
cre_401_AMT_PAYMENT_TOTAL_CURRENT_t-3,168,1719.9460611343384
cre_401_AMT_DRAWINGS_ATM_CURRENT-by-CNT_DRAWINGS_ATM_CURRENT_t-4,156,1701.742877483368
cre_401_AMT_DRAWINGS_ATM_CURRENT-by-CNT_DRAWINGS_ATM_CURRENT_t-2,160,1694.7202048301697
prev_101_AMT_ANNUITY_rem-p-app_33y-dby-AMT_INCOME_TOTAL,163,1677.2417702674866
cre_401_AMT_DRAWINGS_POS_CURRENT-by-CNT_DRAWINGS_POS_CURRENT_t-1,166,1674.3795590400696
prev_101_AMT_ANNUITY_rem-p-app_34y,160,1669.4512467384338
app_001_FLAG_OWN_REALTY,167,1666.019278049469
cre_401_AMT_PAYMENT_TOTAL_CURRENT_t-1,161,1652.449278831482
cre_401_AMT_PAYMENT_TOTAL_CURRENT_t-7,158,1646.5981874465942
cre_401_AMT_RECEIVABLE_PRINCIPAL_t-1,162,1643.8242812156677
cre_401_CNT_INSTALMENT_MATURE_CUM_t-10,165,1640.6419286727905
app_001_NAME_INCOME_TYPE,107,1638.6944432258606
cre_401_AMT_DRAWINGS_ATM_CURRENT_t-2,154,1636.7119703292847
cre_401_AMT_DRAWINGS_CURRENT-by-CNT_DRAWINGS_CURRENT_t-2,161,1632.4123249053955
app_001_NONLIVINGAPARTMENTS_MEDI,163,1627.2703022956848
cre_401_AMT_DRAWINGS_POS_CURRENT-by-CNT_DRAWINGS_POS_CURRENT_t-4,161,1626.3459901809692
cre_401_AMT_DRAWINGS_POS_CURRENT-by-CNT_DRAWINGS_POS_CURRENT_t-5,159,1617.346767425537
cre_401_CNT_INSTALMENT_MATURE_CUM_t-4,153,1615.6095924377441
app_001_FLAG_PHONE,162,1614.0221400260925
cre_401_AMT_PAYMENT_TOTAL_CURRENT_t-9,159,1590.1176600456238
app_001_ELEVATORS_MODE,152,1586.6785073280334
cre_401_CNT_INSTALMENT_MATURE_CUM_t-7,153,1583.8898553848267
cre_401_AMT_DRAWINGS_ATM_CURRENT-by-CNT_DRAWINGS_ATM_CURRENT_t-3,143,1574.8202214241028
cre_401_AMT_DRAWINGS_CURRENT_pctchng-1_t-4,161,1557.6059503555298
cre_401_AMT_DRAWINGS_ATM_CURRENT-by-CNT_DRAWINGS_ATM_CURRENT_t-6,152,1554.432107925415
cre_401_AMT_DRAWINGS_CURRENT_pctchng-1_t-7,160,1547.4172081947327
cre_401_AMT_DRAWINGS_CURRENT-by-CNT_DRAWINGS_CURRENT_t-7,157,1515.9436297416687
cre_401_AMT_DRAWINGS_CURRENT-by-CNT_DRAWINGS_CURRENT_t-8,150,1466.38894033432
app_001_REG_CITY_NOT_WORK_CITY,144,1461.8802495002747
prev_101_AMT_ANNUITY_rem-p-app_37y,129,1456.1007013320923
cre_401_AMT_DRAWINGS_CURRENT_pctchng-1_t-6,142,1443.1656284332275
app_001_ELEVATORS_MEDI,136,1436.1840777397156
cre_401_AMT_DRAWINGS_CURRENT_pctchng-1_t-5,144,1415.0764112472534
cre_401_AMT_CREDIT_LIMIT_ACTUAL_t-4,139,1406.1224360466003
cre_401_AMT_BALANCE_t-2,133,1405.5984292030334
cre_401_AMT_PAYMENT_TOTAL_CURRENT_t-11,139,1386.6491203308105
cre_401_AMT_PAYMENT_TOTAL_CURRENT_t-8,143,1383.994801044464
cre_401_CNT_INSTALMENT_MATURE_CUM_t-5,130,1380.526720046997
cre_401_AMT_CREDIT_LIMIT_ACTUAL_t-6,135,1364.4935398101807
cre_401_AMT_CREDIT_LIMIT_ACTUAL_t-8,132,1343.5218896865845
app_001_CNT_CHILDREN,129,1339.2056322097778
cre_401_AMT_DRAWINGS_CURRENT_t-1,133,1333.7639288902283
cre_401_AMT_CREDIT_LIMIT_ACTUAL_t-11,130,1321.810757637024
cre_401_CNT_INSTALMENT_MATURE_CUM_t-9,129,1317.7040481567383
cre_401_AMT_DRAWINGS_ATM_CURRENT-by-CNT_DRAWINGS_ATM_CURRENT_t-5,130,1313.056878566742
cre_401_AMT_DRAWINGS_CURRENT_t-5,130,1307.7052130699158
cre_401_CNT_INSTALMENT_MATURE_CUM_t-8,131,1304.086365222931
cre_401_AMT_PAYMENT_TOTAL_CURRENT_t-12,132,1290.3613815307617
prev_101_AMT_ANNUITY_rem-p-app_37y-dby-AMT_INCOME_TOTAL,116,1263.6412229537964
cre_401_AMT_CREDIT_LIMIT_ACTUAL_t-12,124,1263.5376915931702
prev_101_AMT_ANNUITY_rem-p-app_36y-dby-AMT_INCOME_TOTAL,123,1261.3480401039124
cre_401_AMT_CREDIT_LIMIT_ACTUAL_t-9,125,1251.617949962616
cre_401_AMT_DRAWINGS_CURRENT_pctchng-1_t-8,130,1245.706820011139
cre_401_AMT_CREDIT_LIMIT_ACTUAL_t-7,124,1239.0616788864136
cre_401_AMT_DRAWINGS_CURRENT_t-3,122,1237.977572441101
cre_401_AMT_DRAWINGS_ATM_CURRENT_t-4,122,1232.192903995514
cre_401_AMT_DRAWINGS_POS_CURRENT-by-CNT_DRAWINGS_POS_CURRENT_t-7,121,1227.1266198158264
cre_401_AMT_INST_MIN_REGULARITY_t-1,121,1214.9390950202942
cre_401_AMT_DRAWINGS_POS_CURRENT-by-CNT_DRAWINGS_POS_CURRENT_t-10,128,1207.5769448280334
cre_401_AMT_CREDIT_LIMIT_ACTUAL_t-5,115,1190.0149488449097
cre_401_AMT_DRAWINGS_CURRENT_t-7,116,1177.1413311958313
cre_401_AMT_DRAWINGS_ATM_CURRENT-by-CNT_DRAWINGS_ATM_CURRENT_t-10,117,1172.7919073104858
cre_401_AMT_DRAWINGS_CURRENT-by-CNT_DRAWINGS_CURRENT_t-10,123,1166.0189385414124
cre_401_AMT_CREDIT_LIMIT_ACTUAL_t-10,112,1149.5317478179932
cre_401_AMT_DRAWINGS_CURRENT_t-9,112,1142.6066961288452
cre_401_CNT_INSTALMENT_MATURE_CUM_t-6,108,1116.3867106437683
cre_401_AMT_DRAWINGS_CURRENT_t-6,111,1115.9101309776306
cre_401_AMT_DRAWINGS_ATM_CURRENT_t-3,109,1103.9433727264404
cre_401_AMT_DRAWINGS_ATM_CURRENT_t-6,105,1102.676742553711
cre_401_AMT_DRAWINGS_CURRENT-by-CNT_DRAWINGS_CURRENT_t-9,119,1100.259949684143
cre_401_AMT_RECEIVABLE_PRINCIPAL_t-2,96,1093.3940405845642
cre_401_AMT_PAYMENT_TOTAL_CURRENT_t-10,111,1085.387876033783
cre_401_AMT_DRAWINGS_CURRENT_pctchng-1_t-1,114,1072.1331176757812
cre_401_AMT_INST_MIN_REGULARITY_t-12,107,1058.9611430168152
prev_103_NAME_CONTRACT_STATUS-Unused_offer,108,1055.3897590637207
cre_401_AMT_DRAWINGS_ATM_CURRENT_t-5,101,1054.3791065216064
cre_401_CNT_DRAWINGS_CURRENT_t-2,96,1032.1154856681824
prev_101_AMT_ANNUITY_rem-p-app_38y-dby-AMT_INCOME_TOTAL,78,1014.5608172416687
cre_401_AMT_DRAWINGS_CURRENT_t-8,102,1009.3943037986755
cre_401_AMT_DRAWINGS_CURRENT_pctchng-1_t-9,104,997.9683179855347
cre_401_AMT_INST_MIN_REGULARITY_t-2,96,993.3707590103149
cre_401_AMT_DRAWINGS_POS_CURRENT-by-CNT_DRAWINGS_POS_CURRENT_t-9,102,987.2118487358093
prev_101_AMT_ANNUITY_rem-p-app_36y,96,985.4833998680115
app_001_LIVE_CITY_NOT_WORK_CITY,101,975.7864317893982
app_001_NAME_CONTRACT_TYPE,84,955.9043960571289
cre_401_AMT_BALANCE_t-3,87,947.2546319961548
cre_401_CNT_DRAWINGS_CURRENT_t-1,93,943.5943722724915
cre_401_CNT_DRAWINGS_ATM_CURRENT_t-1,86,940.4243431091309
cre_401_CNT_DRAWINGS_ATM_CURRENT_t-3,80,926.7855501174927
prev_101_AMT_ANNUITY_rem-p-app_38y,79,925.5710701942444
cre_401_AMT_RECIVABLE_t-1,89,917.7917304039001
cre_401_AMT_DRAWINGS_ATM_CURRENT-by-CNT_DRAWINGS_ATM_CURRENT_t-8,92,909.4403295516968
cre_401_AMT_DRAWINGS_ATM_CURRENT-by-CNT_DRAWINGS_ATM_CURRENT_t-9,87,895.5240483283997
cre_401_AMT_INST_MIN_REGULARITY_t-6,82,894.9841241836548
cre_401_AMT_BALANCE_t-10,88,894.2820615768433
cre_401_AMT_DRAWINGS_POS_CURRENT-by-CNT_DRAWINGS_POS_CURRENT_t-8,92,890.2706246376038
app_001_NAME_HOUSING_TYPE,88,888.2104907035828
cre_401_AMT_DRAWINGS_CURRENT_pctchng-1_t-11,93,887.3634715080261
cre_401_CNT_DRAWINGS_ATM_CURRENT_t-7,77,883.6726140975952
cre_401_AMT_DRAWINGS_ATM_CURRENT_t-9,88,882.7027592658997
cre_401_AMT_DRAWINGS_ATM_CURRENT_t-7,85,878.5431590080261
cre_401_AMT_DRAWINGS_CURRENT-by-CNT_DRAWINGS_CURRENT_t-11,83,866.3428111076355
cre_401_CNT_DRAWINGS_CURRENT_t-3,79,864.6737418174744
cre_401_AMT_DRAWINGS_CURRENT_t-4,83,851.7127113342285
cre_401_AMT_DRAWINGS_CURRENT_pctchng-1_t-10,89,847.1654500961304
cre_401_AMT_DRAWINGS_CURRENT_t-10,82,846.0663843154907
cre_401_AMT_BALANCE_t-7,78,837.1640720367432
cre_401_CNT_DRAWINGS_ATM_CURRENT_t-2,76,828.7836575508118
cre_401_AMT_BALANCE_t-12,75,823.2181439399719
cre_401_AMT_RECIVABLE_t-2,70,816.1916885375977
cre_401_AMT_DRAWINGS_POS_CURRENT-by-CNT_DRAWINGS_POS_CURRENT_t-12,87,815.7308011054993
cre_401_AMT_INST_MIN_REGULARITY_t-11,75,807.1236481666565
cre_401_AMT_DRAWINGS_POS_CURRENT_t-3,84,803.9682507514954
cre_401_AMT_DRAWINGS_POS_CURRENT_t-2,78,792.8724899291992
cre_401_CNT_DRAWINGS_CURRENT_t-6,76,779.667718410492
cre_401_AMT_DRAWINGS_CURRENT_t-11,78,772.018789768219
cre_401_AMT_INST_MIN_REGULARITY_t-3,75,769.1597356796265
cre_401_AMT_DRAWINGS_ATM_CURRENT_t-8,75,765.5621976852417
cre_401_AMT_DRAWINGS_POS_CURRENT_t-1,75,755.4130487442017
cre_401_AMT_INST_MIN_REGULARITY_t-8,71,754.4558095932007
cre_401_CNT_DRAWINGS_ATM_CURRENT_t-4,65,737.2223634719849
cre_401_AMT_DRAWINGS_CURRENT_t-12,71,736.75643491745
cre_401_CNT_DRAWINGS_CURRENT_t-7,69,732.2866997718811
cre_401_AMT_BALANCE_t-4,64,731.5560984611511
cre_401_CNT_DRAWINGS_CURRENT_t-5,71,730.8168911933899
cre_401_AMT_DRAWINGS_ATM_CURRENT_t-10,74,729.6732864379883
cre_401_AMT_INST_MIN_REGULARITY_t-4,71,725.3309140205383
cre_401_AMT_DRAWINGS_POS_CURRENT-by-CNT_DRAWINGS_POS_CURRENT_t-11,70,724.9352703094482
cre_401_AMT_DRAWINGS_ATM_CURRENT-by-CNT_DRAWINGS_ATM_CURRENT_t-11,74,717.3197493553162
cre_401_AMT_INST_MIN_REGULARITY_t-7,73,705.1065926551819
cre_401_AMT_DRAWINGS_POS_CURRENT_t-6,71,700.282721042633
cre_401_AMT_BALANCE_t-8,70,697.3121666908264
app_001_WALLSMATERIAL_MODE,69,696.9313921928406
cre_401_AMT_DRAWINGS_POS_CURRENT_t-7,71,696.7671265602112
cre_401_CNT_DRAWINGS_CURRENT_t-4,66,693.0474300384521
cre_401_AMT_DRAWINGS_POS_CURRENT_t-9,70,692.0215048789978
cre_401_AMT_DRAWINGS_CURRENT-by-CNT_DRAWINGS_CURRENT_t-12,71,688.4382433891296
cre_401_AMT_INST_MIN_REGULARITY_t-5,65,682.6016020774841
cre_401_AMT_BALANCE_t-5,63,676.2896213531494
cre_401_AMT_RECEIVABLE_PRINCIPAL_t-3,65,672.4661679267883
prev_103_CODE_REJECT_REASON-XNA,68,670.5199513435364
cre_401_AMT_DRAWINGS_POS_CURRENT_t-4,71,670.2769112586975
cre_401_CNT_DRAWINGS_POS_CURRENT_t-2,68,660.361873626709
prev_101_completed_cnt,63,657.9024271965027
cre_401_AMT_BALANCE_t-11,64,657.4485898017883
cre_401_CNT_DRAWINGS_ATM_CURRENT_t-5,61,654.5988087654114
cre_401_AMT_INST_MIN_REGULARITY_t-10,64,650.3964190483093
cre_401_AMT_BALANCE_t-6,63,648.0629286766052
cre_401_AMT_RECIVABLE_t-3,63,638.1776223182678
cre_401_AMT_DRAWINGS_POS_CURRENT_t-5,65,630.8685283660889
cre_401_AMT_BALANCE_t-9,61,610.208818435669
cre_401_AMT_RECEIVABLE_PRINCIPAL_t-8,61,596.9507565498352
cre_401_AMT_INST_MIN_REGULARITY_t-9,59,593.0194520950317
cre_401_AMT_DRAWINGS_ATM_CURRENT_t-12,54,578.4993185997009
app_001_NAME_TYPE_SUITE,65,575.3776893615723
app_001_FLAG_DOCUMENT_8,59,574.5102505683899
app_001_REG_REGION_NOT_WORK_REGION,56,556.9551959037781
cre_401_AMT_RECEIVABLE_PRINCIPAL_t-9,54,556.7670631408691
cre_401_CNT_DRAWINGS_ATM_CURRENT_t-6,53,555.2736277580261
cre_401_AMT_DRAWINGS_POS_CURRENT_t-8,55,544.0010089874268
cre_401_CNT_DRAWINGS_CURRENT_t-8,54,543.5225195884705
cre_401_AMT_DRAWINGS_POS_CURRENT_t-10,56,542.2075281143188
cre_401_AMT_RECEIVABLE_PRINCIPAL_t-5,53,539.6914582252502
cre_401_CNT_DRAWINGS_POS_CURRENT_t-3,54,535.8237118721008
app_001_HOUSETYPE_MODE,53,526.6714100837708
cre_401_CNT_DRAWINGS_POS_CURRENT_t-1,51,517.8016262054443
cre_401_AMT_DRAWINGS_ATM_CURRENT-by-CNT_DRAWINGS_ATM_CURRENT_t-12,56,513.8001580238342
cre_401_CNT_DRAWINGS_CURRENT_t-12,50,510.495059967041
cre_401_AMT_RECEIVABLE_PRINCIPAL_t-6,52,508.00529050827026
cre_401_AMT_RECIVABLE_t-6,48,507.1117343902588
cre_401_AMT_DRAWINGS_POS_CURRENT_t-12,51,499.77189111709595
cre_401_CNT_DRAWINGS_CURRENT_t-10,46,491.45144987106323
cre_401_AMT_TOTAL_RECEIVABLE_t-1,48,489.55211353302
cre_401_CNT_DRAWINGS_ATM_CURRENT_t-9,49,487.8050169944763
cre_401_AMT_RECIVABLE_t-4,46,486.57611989974976
app_001_AMT_REQ_CREDIT_BUREAU_DAY,46,478.05784940719604
cre_401_AMT_RECEIVABLE_PRINCIPAL_t-4,43,450.7391085624695
cre_401_AMT_RECEIVABLE_PRINCIPAL_t-7,45,449.1144094467163
cre_401_CNT_DRAWINGS_POS_CURRENT_t-4,46,446.1866202354431
cre_401_AMT_RECIVABLE_t-7,43,442.472580909729
cre_401_AMT_RECEIVABLE_PRINCIPAL_t-10,45,441.68099212646484
cre_401_CNT_DRAWINGS_POS_CURRENT_t-7,46,434.1680817604065
cre_401_AMT_TOTAL_RECEIVABLE_t-2,39,431.65932178497314
cre_401_CNT_DRAWINGS_CURRENT_t-9,45,423.56377124786377
cre_401_AMT_DRAWINGS_ATM_CURRENT_t-11,41,408.87391328811646
cre_401_AMT_DRAWINGS_POS_CURRENT_t-11,44,407.0443186759949
cre_401_AMT_RECIVABLE_t-11,35,402.83789682388306
app_001_AMT_REQ_CREDIT_BUREAU_WEEK,37,394.75569009780884
app_001_FLAG_DOCUMENT_6,36,390.66487884521484
cre_401_AMT_RECIVABLE_t-8,35,385.01866912841797
cre_401_AMT_RECEIVABLE_PRINCIPAL_t-11,39,384.823899269104
cre_401_CNT_DRAWINGS_POS_CURRENT_t-5,37,383.86458921432495
cre_401_AMT_RECIVABLE_t-5,40,381.09461069107056
cre_401_AMT_RECIVABLE_t-10,38,380.09951066970825
cre_401_AMT_RECEIVABLE_PRINCIPAL_t-12,38,371.5164613723755
app_001_LIVE_REGION_NOT_WORK_REGION,38,352.66352939605713
cre_401_CNT_DRAWINGS_POS_CURRENT_t-6,37,343.71891021728516
cre_401_CNT_DRAWINGS_ATM_CURRENT_t-10,32,343.5928602218628
app_001_FLAG_EMAIL,38,343.17151975631714
cre_401_AMT_TOTAL_RECEIVABLE_t-3,31,341.3761649131775
cre_401_AMT_RECIVABLE_t-9,32,337.35376930236816
cre_401_CNT_DRAWINGS_ATM_CURRENT_t-12,31,335.9743299484253
cre_401_CNT_DRAWINGS_ATM_CURRENT_t-8,35,327.55594873428345
prev_103_CODE_REJECT_REASON-VERIF,36,320.97159004211426
cre_401_AMT_RECIVABLE_t-12,32,309.8333897590637
app_001_FLAG_DOCUMENT_5,32,306.3051300048828
cre_401_AMT_TOTAL_RECEIVABLE_t-7,26,288.97473335266113
cre_401_CNT_DRAWINGS_POS_CURRENT_t-12,27,278.91443967819214
cre_401_CNT_DRAWINGS_POS_CURRENT_t-9,26,265.0002098083496
app_001_FLAG_DOCUMENT_18,27,261.18816232681274
cre_401_AMT_TOTAL_RECEIVABLE_t-10,26,251.7911295890808
cre_401_AMT_TOTAL_RECEIVABLE_t-4,24,244.33138990402222
app_001_REG_REGION_NOT_LIVE_REGION,26,244.14314937591553
app_001_FLAG_DOCUMENT_16,24,241.49032831192017
cre_401_CNT_DRAWINGS_POS_CURRENT_t-8,24,237.80302143096924
cre_401_SK_DPD_DEF_t-5,24,237.6878695487976
cre_401_CNT_DRAWINGS_CURRENT_t-11,23,220.00173044204712
cre_401_AMT_TOTAL_RECEIVABLE_t-5,24,217.92266130447388
cre_401_SK_DPD_t-3,22,217.75093126296997
cre_401_AMT_TOTAL_RECEIVABLE_t-12,21,213.60405921936035
cre_401_AMT_TOTAL_RECEIVABLE_t-6,19,202.25590085983276
cre_401_SK_DPD_t-10,18,192.9516406059265
cre_401_CNT_DRAWINGS_POS_CURRENT_t-11,19,191.58053064346313
cre_401_AMT_TOTAL_RECEIVABLE_t-11,17,189.77367115020752
cre_401_AMT_TOTAL_RECEIVABLE_t-9,20,188.1526198387146
cre_401_SK_DPD_t-1,16,175.76696062088013
cre_401_SK_DPD_DEF_t-3,14,172.82910108566284
cre_401_CNT_DRAWINGS_POS_CURRENT_t-10,17,161.97919178009033
cre_401_CNT_DRAWINGS_ATM_CURRENT_t-11,16,153.96718978881836
app_001_FONDKAPREMONT_MODE,17,153.2489995956421
app_001_EMERGENCYSTATE_MODE,15,151.55974864959717
cre_401_SK_DPD_t-2,15,147.95362949371338
cre_401_SK_DPD_t-12,14,141.6902894973755
cre_401_SK_DPD_t-11,14,137.70052909851074
cre_401_AMT_TOTAL_RECEIVABLE_t-8,15,136.8065996170044
cre_401_SK_DPD_DEF_t-1,12,113.00655841827393
cre_401_SK_DPD_t-5,11,108.96164083480835
cre_401_SK_DPD_t-4,10,108.05088996887207
cre_401_SK_DPD_t-9,10,96.7917103767395
cre_401_cc_size_t-5,9,93.88991022109985
cre_401_cc_size_t-3,9,82.38860988616943
cre_401_cc_size_t-2,8,81.49125909805298
app_001_FLAG_DOCUMENT_14,9,77.6266508102417
prev_103_CODE_REJECT_REASON-SYSTEM,7,77.18821144104004
app_001_FLAG_DOCUMENT_13,8,69.21372032165527
app_001_FLAG_DOCUMENT_9,8,67.25957918167114
cre_401_SK_DPD_DEF_t-7,5,60.18541860580444
cre_401_AMT_DRAWINGS_OTHER_CURRENT_t-2,7,58.96084022521973
app_001_FLAG_CONT_MOBILE,6,57.57773017883301
app_001_AMT_REQ_CREDIT_BUREAU_HOUR,6,53.33265018463135
cre_401_SK_DPD_DEF_t-4,6,50.635239601135254
cre_401_cc_size_t-1,3,46.6850004196167
cre_401_SK_DPD_t-8,5,44.46620035171509
cre_401_cc_size_t-7,3,43.57779884338379
cre_401_SK_DPD_t-6,4,42.34165048599243
cre_401_CNT_DRAWINGS_OTHER_CURRENT_t-5,4,42.18665027618408
cre_401_SK_DPD_t-7,4,41.100759506225586
cre_401_SK_DPD_DEF_t-12,4,40.74237060546875
app_001_FLAG_EMP_PHONE,3,36.69921016693115
cre_401_AMT_DRAWINGS_OTHER_CURRENT-by-CNT_DRAWINGS_OTHER_CURRENT_t-2,4,34.19906997680664
prev_103_NAME_CONTRACT_TYPE-XNA,4,33.78146028518677
cre_401_AMT_DRAWINGS_OTHER_CURRENT-by-CNT_DRAWINGS_OTHER_CURRENT_t-7,3,33.49603986740112
cre_401_cc_size_t-9,3,30.330549240112305
cre_401_AMT_DRAWINGS_OTHER_CURRENT_t-5,3,29.452109336853027
cre_401_SK_DPD_DEF_t-6,2,28.77220058441162
cre_401_cc_size_t-6,2,28.480499267578125
cre_401_cc_size_t-4,3,27.382080078125
app_001_FLAG_DOCUMENT_21,3,26.360750198364258
cre_401_AMT_DRAWINGS_OTHER_CURRENT_t-1,3,24.963130474090576
cre_401_SK_DPD_DEF_t-9,3,23.818520069122314
cre_401_AMT_DRAWINGS_OTHER_CURRENT-by-CNT_DRAWINGS_OTHER_CURRENT_t-3,3,21.272289752960205
cre_401_AMT_DRAWINGS_OTHER_CURRENT-by-CNT_DRAWINGS_OTHER_CURRENT_t-1,2,18.00549030303955
cre_401_SK_DPD_DEF_t-10,2,14.563709735870361
cre_401_cc_size_t-11,1,13.777600288391113
cre_401_AMT_DRAWINGS_OTHER_CURRENT_t-8,2,13.690579891204834
cre_401_CNT_DRAWINGS_OTHER_CURRENT_t-7,1,10.589900016784668
cre_401_AMT_DRAWINGS_OTHER_CURRENT_t-11,1,10.513699531555176
cre_401_AMT_DRAWINGS_OTHER_CURRENT_t-3,1,9.959959983825684
cre_401_AMT_DRAWINGS_OTHER_CURRENT_t-7,1,9.547860145568848
cre_401_AMT_DRAWINGS_OTHER_CURRENT_t-12,1,8.804240226745605
prev_101_AMT_ANNUITY_rem-p-app_40y-dby-AMT_INCOME_TOTAL,1,8.456210136413574
cre_401_AMT_DRAWINGS_OTHER_CURRENT_t-9,1,8.382740020751953
prev_101_AMT_ANNUITY_rem-p-app_40y,1,8.060099601745605
cre_401_AMT_DRAWINGS_OTHER_CURRENT-by-CNT_DRAWINGS_OTHER_CURRENT_t-10,1,7.441919803619385
cre_401_SK_DPD_DEF_t-2,1,7.095399856567383
cre_401_AMT_DRAWINGS_OTHER_CURRENT-by-CNT_DRAWINGS_OTHER_CURRENT_t-5,1,6.311679840087891
cre_401_CNT_DRAWINGS_OTHER_CURRENT_t-3,0,0.0
app_001_FLAG_DOCUMENT_17,0,0.0
cre_401_CNT_DRAWINGS_OTHER_CURRENT_t-11,0,0.0
app_001_FLAG_DOCUMENT_20,0,0.0
app_001_FLAG_DOCUMENT_2,0,0.0
app_001_FLAG_DOCUMENT_19,0,0.0
cre_401_CNT_DRAWINGS_OTHER_CURRENT_t-12,0,0.0
app_001_FLAG_DOCUMENT_11,0,0.0
app_001_FLAG_DOCUMENT_10,0,0.0
app_001_FLAG_DOCUMENT_12,0,0.0
cre_401_cc_size_t-8,0,0.0
app_001_FLAG_DOCUMENT_15,0,0.0
cre_401_CNT_DRAWINGS_OTHER_CURRENT_t-6,0,0.0
app_001_FLAG_DOCUMENT_4,0,0.0
cre_401_CNT_DRAWINGS_OTHER_CURRENT_t-4,0,0.0
cre_401_CNT_DRAWINGS_OTHER_CURRENT_t-2,0,0.0
cre_401_SK_DPD_DEF_t-11,0,0.0
cre_401_cc_size_t-12,0,0.0
app_001_FLAG_DOCUMENT_7,0,0.0
cre_401_SK_DPD_DEF_t-8,0,0.0
cre_401_AMT_DRAWINGS_OTHER_CURRENT_t-6,0,0.0
cre_401_AMT_DRAWINGS_OTHER_CURRENT_t-4,0,0.0
prev_101_AMT_ANNUITY_rem-p-app_39y,0,0.0
cre_401_AMT_DRAWINGS_OTHER_CURRENT_t-10,0,0.0
cre_401_AMT_DRAWINGS_OTHER_CURRENT-by-CNT_DRAWINGS_OTHER_CURRENT_t-9,0,0.0
cre_401_AMT_DRAWINGS_OTHER_CURRENT-by-CNT_DRAWINGS_OTHER_CURRENT_t-8,0,0.0
cre_401_CNT_DRAWINGS_OTHER_CURRENT_t-10,0,0.0
cre_401_AMT_DRAWINGS_OTHER_CURRENT-by-CNT_DRAWINGS_OTHER_CURRENT_t-6,0,0.0
cre_401_AMT_DRAWINGS_OTHER_CURRENT-by-CNT_DRAWINGS_OTHER_CURRENT_t-4,0,0.0
prev_101_AMT_ANNUITY_rem-p-app_39y-dby-AMT_INCOME_TOTAL,0,0.0
cre_401_AMT_DRAWINGS_OTHER_CURRENT-by-CNT_DRAWINGS_OTHER_CURRENT_t-12,0,0.0
cre_401_AMT_DRAWINGS_OTHER_CURRENT-by-CNT_DRAWINGS_OTHER_CURRENT_t-11,0,0.0
cre_401_CNT_DRAWINGS_OTHER_CURRENT_t-9,0,0.0
app_001_FLAG_MOBIL,0,0.0
cre_401_CNT_DRAWINGS_OTHER_CURRENT_t-8,0,0.0
cre_401_cc_size_t-10,0,0.0
cre_401_CNT_DRAWINGS_OTHER_CURRENT_t-1,0,0.0
